{"name":"f317c43d-df64-4646-825a-cecc2c68511d","id":"/providers/Microsoft.Flow/flows/f317c43d-df64-4646-825a-cecc2c68511d","type":"Microsoft.Flow/flows","properties":{"apiId":"/providers/Microsoft.PowerApps/apis/shared_logicflows","displayName":"Demande Vacance","definition":{"metadata":{"workflowEntityId":null,"processAdvisorMetadata":null,"flowChargedByPaygo":null,"flowclientsuspensionreason":"None","flowclientsuspensiontime":null,"flowclientsuspensionreasondetails":null,"creator":{"id":"fc4eac56-fa0f-4db0-b7cf-b4660046f29c","type":"User","tenantId":"71260448-f1a9-4729-b630-4882e4dc58f5"},"provisioningMethod":"FromDefinition","failureAlertSubscription":true,"clientLastModifiedTime":"2024-01-06T12:53:20.8966479Z","connectionKeySavedTimeKey":"2024-01-06T12:52:25.3013792Z"},"$schema":"https://schema.management.azure.com/providers/Microsoft.Logic/schemas/2016-06-01/workflowdefinition.json#","contentVersion":"1.0.0.0","parameters":{"$connections":{"defaultValue":{},"type":"Object"},"$authentication":{"defaultValue":{},"type":"SecureObject"}},"triggers":{"When_a_new_response_is_submitted":{"metadata":{"operationMetadataId":"0c61f9af-827f-4765-aa2f-a550f81a8db0"},"type":"OpenApiConnectionWebhook","inputs":{"host":{"apiId":"/providers/Microsoft.PowerApps/apis/shared_microsoftforms","connectionName":"shared_microsoftforms","operationId":"CreateFormWebhook"},"parameters":{"form_id":"SAQmcanxKUe2MEiC5NxY9VasTvwP-rBNt8-0ZgBG8pxUMldLTVEwS0RTNVE3MFpSMTRPRTdGS1gxSi4u"},"authentication":"@parameters('$authentication')"}}},"actions":{"Condition":{"actions":{"Send_an_email_(V2)":{"runAfter":{},"metadata":{"operationMetadataId":"fb642319-56b3-4fff-966b-fd3410227026"},"type":"OpenApiConnection","inputs":{"host":{"apiId":"/providers/Microsoft.PowerApps/apis/shared_office365","connectionName":"shared_office365","operationId":"SendEmailV2"},"parameters":{"emailMessage/To":"etu55003@student.henallux.be;etu53741@student.henallux.be","emailMessage/Subject":"Date de formation acceptée !","emailMessage/Body":"<p>Bonjour Mme / Mr ,<br>\nJ'ai le plaisir de vous annoncer que vos dates de vacances ont été acceptées.<br>\nBien à vous, bonne vacance !</p>","emailMessage/Importance":"Normal"},"authentication":"@parameters('$authentication')"}},"Apply_to_each_2":{"foreach":"@triggerOutputs()?['body/value']","actions":{"Get_response_details_2":{"runAfter":{},"metadata":{"operationMetadataId":"6f331fa5-1409-4309-8ec3-17bbdd4a3b22"},"type":"OpenApiConnection","inputs":{"host":{"apiId":"/providers/Microsoft.PowerApps/apis/shared_microsoftforms","connectionName":"shared_microsoftforms","operationId":"GetFormResponseById"},"parameters":{"form_id":"SAQmcanxKUe2MEiC5NxY9VasTvwP-rBNt8-0ZgBG8pxUMldLTVEwS0RTNVE3MFpSMTRPRTdGS1gxSi4u","response_id":"@items('Apply_to_each_2')?['resourceData/responseId']"},"authentication":"@parameters('$authentication')"}},"Add_a_row_into_a_table":{"runAfter":{"Get_response_details_2":["Succeeded"]},"metadata":{"01KYJCD3B6343DLE67Z5DIL26P5CH3IIIJ":"/Classeur de demande.xlsx","operationMetadataId":"50dc11a1-404a-434a-8c06-0f7691e564a6","tableId":"{1B3129A3-6E0B-400F-BA65-6A1548D2BA95}"},"type":"OpenApiConnection","inputs":{"host":{"apiId":"/providers/Microsoft.PowerApps/apis/shared_excelonlinebusiness","connectionName":"shared_excelonlinebusiness","operationId":"AddRowV2"},"parameters":{"source":"me","drive":"b!PLpqJkzqckqxtQy1o1ML270GgBmqn8JFpulYzUlW92NiBA4JTkKrQai-ziXV9JZy","file":"01KYJCD3B6343DLE67Z5DIL26P5CH3IIIJ","table":"{2B479542-EE65-4615-A9D2-D948E593EEA1}","item/Colonne1":"@outputs('Get_response_details_2')?['body/r739b2acd53694637abe66e7290a421d4']","item/Colonne2":"@outputs('Get_response_details_2')?['body/rf969b736c128446988ed5a597f699f72']","item/Colonne3":"@outputs('Get_response_details_2')?['body/rcb1780927e2449f4830dbfd45817dc0f']","item/Colonne4":"@outputs('Get_response_details_2')?['body/r930a15ef15ae4c95a215c92029419a3f']","item/Colonne5":"@outputs('Get_response_details_2')?['body/r4d14c6400c154c00bf031c040445c82d']","item/Colonne6":"@variables('Rep')"},"authentication":"@parameters('$authentication')"}}},"runAfter":{"Send_an_email_(V2)":["Succeeded"]},"metadata":{"operationMetadataId":"0a896ef3-683a-4cf4-9da1-b80d13be3d3e"},"type":"Foreach"}},"runAfter":{"Apply_to_each":["Succeeded"]},"else":{"actions":{"Send_an_email_(V2)_2":{"runAfter":{},"metadata":{"operationMetadataId":"90366fb1-aaf0-4b55-906f-c54347c07027"},"type":"OpenApiConnection","inputs":{"host":{"apiId":"/providers/Microsoft.PowerApps/apis/shared_office365","connectionName":"shared_office365","operationId":"SendEmailV2"},"parameters":{"emailMessage/To":"etu53741@student.henallux.be","emailMessage/Subject":"Date de formation refusée !","emailMessage/Body":"<p>Bonjour Mme / Mr ,<br>\nJ'ai le regret de vous annoncer que vos dates de vacances ont été refusées.<br>\nN'hésitez pas à nous soumettre de nouvelles dates.<br>\nBien à vous.</p>","emailMessage/Importance":"Normal"},"authentication":"@parameters('$authentication')"}}}},"expression":{"and":[{"equals":["@variables('Rep')","Accepter"]}]},"metadata":{"operationMetadataId":"634f0b3d-ec60-4eda-ab87-2ce963942f21"},"type":"If"},"Initialize_variable_2":{"runAfter":{},"metadata":{"operationMetadataId":"e1650c71-2faf-4aa8-9294-365fcc2fc103"},"type":"InitializeVariable","inputs":{"variables":[{"name":"Rep","type":"string"}]}},"Apply_to_each":{"foreach":"@triggerOutputs()?['body/value']","actions":{"Get_response_details":{"runAfter":{},"metadata":{"operationMetadataId":"002a3240-223f-43bb-9393-6115ce2ac8c2"},"type":"OpenApiConnection","inputs":{"host":{"apiId":"/providers/Microsoft.PowerApps/apis/shared_microsoftforms","connectionName":"shared_microsoftforms","operationId":"GetFormResponseById"},"parameters":{"form_id":"SAQmcanxKUe2MEiC5NxY9VasTvwP-rBNt8-0ZgBG8pxUMldLTVEwS0RTNVE3MFpSMTRPRTdGS1gxSi4u","response_id":"@items('Apply_to_each')?['resourceData/responseId']"},"authentication":"@parameters('$authentication')"}},"Send_email_with_options_2":{"runAfter":{"Get_response_details":["Succeeded"]},"metadata":{"operationMetadataId":"93ab888e-1209-49cc-ab86-63ade75baf58"},"type":"OpenApiConnectionWebhook","inputs":{"host":{"apiId":"/providers/Microsoft.PowerApps/apis/shared_office365","connectionName":"shared_office365","operationId":"SendMailWithOptions"},"parameters":{"optionsEmailSubscription/Message/To":"etu55003@henallux.be","optionsEmailSubscription/Message/Subject":"Nouvelle demande de vacance","optionsEmailSubscription/Message/Options":"Accepter, Refuser","optionsEmailSubscription/Message/Body":"Bonjour,\n@{outputs('Get_response_details')?['body/rf969b736c128446988ed5a597f699f72']} @{outputs('Get_response_details')?['body/r739b2acd53694637abe66e7290a421d4']} aimerait poser ses dates de vacances du @{outputs('Get_response_details')?['body/r930a15ef15ae4c95a215c92029419a3f']} au @{outputs('Get_response_details')?['body/r4d14c6400c154c00bf031c040445c82d']}.\nVoici les potentiels détails ajoutés par l'employé : @{outputs('Get_response_details')?['body/r07076d3bf410404c87386ff4a92f22e4']}.\nVeuillez accepter ou refuser cette demande au plus vite.\nBien à vous.","optionsEmailSubscription/Message/Importance":"Normal","optionsEmailSubscription/Message/HideHTMLMessage":false,"optionsEmailSubscription/Message/ShowHTMLConfirmationDialog":false,"optionsEmailSubscription/Message/HideMicrosoftFooter":false},"authentication":"@parameters('$authentication')"}},"Set_variable_2":{"runAfter":{"Send_email_with_options_2":["Succeeded"]},"metadata":{"operationMetadataId":"51457b41-74ae-474f-a7f7-0c2c83d19381"},"type":"SetVariable","inputs":{"name":"Rep","value":"@outputs('Send_email_with_options_2')?['body/SelectedOption']"}}},"runAfter":{"Initialize_variable_2":["Succeeded"]},"metadata":{"operationMetadataId":"0aaab184-c029-43d2-b08e-86f4cdccd164"},"type":"Foreach"}},"outputs":{}},"connectionReferences":{"shared_office365":{"connectionName":"shared-office365-ba4d2295-e7a4-422c-bb8b-d67c40ed216e","source":"Embedded","id":"/providers/Microsoft.PowerApps/apis/shared_office365","tier":"NotSpecified"},"shared_microsoftforms":{"connectionName":"shared-microsoftform-948d2eaa-6f82-4eaa-8983-d30b714eb7c5","source":"Embedded","id":"/providers/Microsoft.PowerApps/apis/shared_microsoftforms","tier":"NotSpecified"},"shared_excelonlinebusiness":{"connectionName":"shared-excelonlinebu-d4a05992-ebe1-49ab-a721-ed7c6bd4f6e0","source":"Embedded","id":"/providers/Microsoft.PowerApps/apis/shared_excelonlinebusiness","tier":"NotSpecified"}},"flowFailureAlertSubscribed":false,"isManaged":false}}